Model,CoT Mean,Few-shot Mean,Zero-shot Mean
codellama,55.555,66.66666666666667,47.221666666666664
mistral,30.554999999999996,55.555,33.333333333333336
starcoder2,22.221666666666664,16.666666666666668,0.0
