prompt,model,N,Mean,SD
cot,codellama,6,56.83283333333333,26.410860178469513
cot,mistral,6,34.3515,31.25166876024383
cot,starcoder2,6,18.332833333333333,19.860452063502144
few_shot,codellama,6,57.077999999999996,24.698025850419704
few_shot,mistral,6,50.554916666666664,29.395691960586102
few_shot,starcoder2,6,42.59191666666667,27.814867553049158
zero,codellama,6,56.78931666666667,27.048909929416133
zero,mistral,6,57.221833333333336,25.94255056401869
zero,starcoder2,6,25.0,39.08694014629439
